conta_id;conta_nome;periodo_inicio;periodo_fim;nome_anuncio;status;resultado;tipo_resultado;custo_por_resultado;valor_gasto;impressoes;alcance;orcamento_exibido
991888939034732;CA - Dra Catiucia [ESPECITA];2026-01-01;2026-10-03;botox;Ativo;112;Leads (formulário);17,26;1932,67;70200;16314;25,00/dia
991888939034732;CA - Dra Catiucia [ESPECITA];2026-01-01;2026-10-03;Clareamento;Campanha desativada;50;Conversas por mensagem iniciadas;26,10;1304,75;89477;25567;8,00/dia
991888939034732;CA - Dra Catiucia [ESPECITA];2026-01-01;2026-10-03;Protese protocolo 2;Campanha desativada;49;Conversas por mensagem iniciadas;19,42;951,42;60347;18029;8,00/dia
991888939034732;CA - Dra Catiucia [ESPECITA];2026-01-01;2026-10-03;ortodontia;Aprendizado limitado;47;Leads (formulário);40,30;1893,97;127906;28930;25,00/dia
991888939034732;CA - Dra Catiucia [ESPECITA];2026-01-01;2026-10-03;botox;Campanha desativada;45;Conversas por mensagem iniciadas;19,70;886,68;41290;13613;8,00/dia
991888939034732;CA - Dra Catiucia [ESPECITA];2026-01-01;2026-10-03;DENTES BRANCOS 1;Campanha desativada;27;Conversas por mensagem iniciadas;27,36;738,83;28869;9352;20,00/dia
991888939034732;CA - Dra Catiucia [ESPECITA];2026-01-01;2026-10-03;Protese Protoclo;Campanha desativada;23;Conversas por mensagem iniciadas;33,77;776,77;40592;13717;8,00/dia
991888939034732;CA - Dra Catiucia [ESPECITA];2026-01-01;2026-10-03;PROTOCOLO;Campanha desativada;23;Conversas por mensagem iniciadas;20,51;471,74;26169;10065;18,00/dia
991888939034732;CA - Dra Catiucia [ESPECITA];2026-01-01;2026-10-03;COMECE O ANO;Desativado;20;Conversas por mensagem iniciadas;23,42;468,43;26869;4505;18,00/dia
