Mês,Impr.,Cliques,CPC méd.,Custo
fevereiro de 2024,0,0,"R$ 0,00","R$ 0,00"
março de 2024,0,0,"R$ 0,00","R$ 0,00"
abril de 2024,0,0,"R$ 0,00","R$ 0,00"
maio de 2024,0,0,"R$ 0,00","R$ 0,00"
junho de 2024,0,0,"R$ 0,00","R$ 0,00"
julho de 2024,0,0,"R$ 0,00","R$ 0,00"
agosto de 2024,0,0,"R$ 0,00","R$ 0,00"
setembro de 2024,0,0,"R$ 0,00","R$ 0,00"
outubro de 2024,0,0,"R$ 0,00","R$ 0,00"
novembro de 2024,0,0,"R$ 0,00","R$ 0,00"
dezembro de 2024,0,0,"R$ 0,00","R$ 0,00"
janeiro de 2025,0,0,"R$ 0,00","R$ 0,00"
fevereiro de 2025,0,0,"R$ 0,00","R$ 0,00"
março de 2025,0,0,"R$ 0,00","R$ 0,00"
abril de 2025,0,0,"R$ 0,00","R$ 0,00"
maio de 2025,0,0,"R$ 0,00","R$ 0,00"
junho de 2025,0,0,"R$ 0,00","R$ 0,00"
julho de 2025,0,0,"R$ 0,00","R$ 0,00"
agosto de 2025,0,0,"R$ 0,00","R$ 0,00"
setembro de 2025,0,0,"R$ 0,00","R$ 0,00"
outubro de 2025,0,0,"R$ 0,00","R$ 0,00"
novembro de 2025,0,0,"R$ 0,00","R$ 0,00"
dezembro de 2025,0,0,"R$ 0,00","R$ 0,00"
janeiro de 2026,0,0,"R$ 0,00","R$ 0,00"
fevereiro de 2026,0,0,"R$ 0,00","R$ 0,00"
março de 2026,0,0,"R$ 0,00","R$ 0,00"
abril de 2026,0,0,"R$ 0,00","R$ 0,00"
maio de 2026,0,0,"R$ 0,00","R$ 0,00"
junho de 2026,0,0,"R$ 0,00","R$ 0,00"
julho de 2026,0,0,"R$ 0,00","R$ 0,00"
agosto de 2026,2.839,135,"R$ 3,46","R$ 466,70"
setembro de 2026,10.454,480,"R$ 3,06","R$ 1.470,31"
outubro de 2026,164,9,"R$ 5,30","R$ 47,71"
