Action,Campaign,Ad group,Status,Ad group type
Add,ESP - Urgência,Dente quebrado,Enabled,Standard
Add,ESP - Urgência,Dor de dente,Enabled,Standard
Add,ESP - Implante e Prótese,Implante dentário,Enabled,Standard
Add,ESP - Implante e Prótese,Prótese protocolo,Enabled,Standard
Add,ESP - Ortodontia,Alinhador invisível,Enabled,Standard
Add,ESP - Ortodontia,Aparelho fixo,Enabled,Standard
Add,ESP - Odontopediatria,Dentista infantil,Enabled,Standard
Add,ESP - Clareamento e Lentes,Clareamento dental,Enabled,Standard
Add,ESP - Clareamento e Lentes,Lente de contato dental,Enabled,Standard
Add,ESP - Harmonização Facial,Botox,Enabled,Standard
Add,ESP - Harmonização Facial,Harmonização e preenchimento,Enabled,Standard
Add,ESP - Dentista em Brusque e Família,Dentista em Brusque,Enabled,Standard
Add,ESP - Dentista em Brusque e Família,Família e convênio,Enabled,Standard
