Action,Keyword status,Campaign,Ad group,Keyword,Type
Add,Enabled,ESP - Urgência,Dente quebrado,dente quebrado dentista,Phrase match
Add,Enabled,ESP - Urgência,Dente quebrado,quebrei o dente,Phrase match
Add,Enabled,ESP - Urgência,Dente quebrado,dentista urgência brusque,Phrase match
Add,Enabled,ESP - Urgência,Dente quebrado,dentista urgencia,Phrase match
Add,Enabled,ESP - Urgência,Dente quebrado,dentista hoje brusque,Exact match
Add,Enabled,ESP - Urgência,Dente quebrado,restauração dente quebrado,Phrase match
Add,Enabled,ESP - Urgência,Dente quebrado,dente quebrou o que fazer,Phrase match
Add,Enabled,ESP - Urgência,Dente quebrado,dentista 24 horas brusque,Exact match
Add,Enabled,ESP - Urgência,Dente quebrado,dentista emergência brusque,Phrase match
Add,Enabled,ESP - Urgência,Dor de dente,dor de dente dentista,Phrase match
Add,Enabled,ESP - Urgência,Dor de dente,dentista dor de dente brusque,Phrase match
Add,Enabled,ESP - Urgência,Dor de dente,dentista perto de mim,Phrase match
Add,Enabled,ESP - Urgência,Dor de dente,dentista aberto agora,Phrase match
Add,Enabled,ESP - Urgência,Dor de dente,canal de dente brusque,Phrase match
Add,Enabled,ESP - Urgência,Dor de dente,extração de dente brusque,Phrase match
Add,Enabled,ESP - Urgência,Dor de dente,dor de dente o que fazer,Phrase match
Add,Enabled,ESP - Urgência,Dor de dente,dente inflamado dentista,Phrase match
Add,Enabled,ESP - Urgência,Dor de dente,dentista agora brusque,Exact match
Add,Enabled,ESP - Implante e Prótese,Implante dentário,implante dentário brusque,Phrase match
Add,Enabled,ESP - Implante e Prótese,Implante dentário,implantes dentarios,Phrase match
Add,Enabled,ESP - Implante e Prótese,Implante dentário,implante dentário,Exact match
Add,Enabled,ESP - Implante e Prótese,Implante dentário,dentista de implante,Phrase match
Add,Enabled,ESP - Implante e Prótese,Implante dentário,implante de dente,Phrase match
Add,Enabled,ESP - Implante e Prótese,Implante dentário,implante dente da frente,Phrase match
Add,Enabled,ESP - Implante e Prótese,Implante dentário,clínica de implante dentário,Phrase match
Add,Enabled,ESP - Implante e Prótese,Implante dentário,implantodontista brusque,Phrase match
Add,Enabled,ESP - Implante e Prótese,Implante dentário,colocar implante dentário,Phrase match
Add,Enabled,ESP - Implante e Prótese,Prótese protocolo,prótese protocolo,Phrase match
Add,Enabled,ESP - Implante e Prótese,Prótese protocolo,protocolo dentário,Phrase match
Add,Enabled,ESP - Implante e Prótese,Prótese protocolo,prótese fixa sobre implante,Phrase match
Add,Enabled,ESP - Implante e Prótese,Prótese protocolo,prótese dentária brusque,Phrase match
Add,Enabled,ESP - Implante e Prótese,Prótese protocolo,dentadura fixa,Phrase match
Add,Enabled,ESP - Implante e Prótese,Prótese protocolo,trocar prótese dentária,Phrase match
Add,Enabled,ESP - Implante e Prótese,Prótese protocolo,prótese total,Phrase match
Add,Enabled,ESP - Implante e Prótese,Prótese protocolo,all on four,Phrase match
Add,Enabled,ESP - Implante e Prótese,Prótese protocolo,prótese dentária fixa,Phrase match
Add,Enabled,ESP - Ortodontia,Alinhador invisível,alinhador invisível brusque,Phrase match
Add,Enabled,ESP - Ortodontia,Alinhador invisível,alinhador invisível,Phrase match
Add,Enabled,ESP - Ortodontia,Alinhador invisível,aparelho invisível,Phrase match
Add,Enabled,ESP - Ortodontia,Alinhador invisível,invisalign brusque,Phrase match
Add,Enabled,ESP - Ortodontia,Alinhador invisível,alinhador transparente,Phrase match
Add,Enabled,ESP - Ortodontia,Alinhador invisível,aparelho transparente dentista,Phrase match
Add,Enabled,ESP - Ortodontia,Alinhador invisível,ortodontia invisível,Phrase match
Add,Enabled,ESP - Ortodontia,Alinhador invisível,alinhador dental,Phrase match
Add,Enabled,ESP - Ortodontia,Aparelho fixo,aparelho ortodôntico brusque,Phrase match
Add,Enabled,ESP - Ortodontia,Aparelho fixo,ortodontista brusque,Phrase match
Add,Enabled,ESP - Ortodontia,Aparelho fixo,aparelho nos dentes,Phrase match
Add,Enabled,ESP - Ortodontia,Aparelho fixo,colocar aparelho,Phrase match
Add,Enabled,ESP - Ortodontia,Aparelho fixo,aparelho fixo,Phrase match
Add,Enabled,ESP - Ortodontia,Aparelho fixo,aparelho dentário,Phrase match
Add,Enabled,ESP - Ortodontia,Aparelho fixo,dentista aparelho brusque,Phrase match
Add,Enabled,ESP - Ortodontia,Aparelho fixo,ortodontia brusque,Phrase match
Add,Enabled,ESP - Ortodontia,Aparelho fixo,aparelho para adolescente,Phrase match
Add,Enabled,ESP - Odontopediatria,Dentista infantil,dentista infantil brusque,Phrase match
Add,Enabled,ESP - Odontopediatria,Dentista infantil,dentista infantil,Phrase match
Add,Enabled,ESP - Odontopediatria,Dentista infantil,odontopediatra brusque,Phrase match
Add,Enabled,ESP - Odontopediatria,Dentista infantil,odontopediatria brusque,Phrase match
Add,Enabled,ESP - Odontopediatria,Dentista infantil,dentista para criança,Phrase match
Add,Enabled,ESP - Odontopediatria,Dentista infantil,dentista de criança brusque,Phrase match
Add,Enabled,ESP - Odontopediatria,Dentista infantil,dentista para bebê,Phrase match
Add,Enabled,ESP - Odontopediatria,Dentista infantil,primeira consulta dentista bebê,Phrase match
Add,Enabled,ESP - Odontopediatria,Dentista infantil,criança com medo de dentista,Phrase match
Add,Enabled,ESP - Odontopediatria,Dentista infantil,odontopediatra,Exact match
Add,Enabled,ESP - Clareamento e Lentes,Clareamento dental,clareamento dental brusque,Phrase match
Add,Enabled,ESP - Clareamento e Lentes,Clareamento dental,clareamento dental,Phrase match
Add,Enabled,ESP - Clareamento e Lentes,Clareamento dental,clareamento dentista,Phrase match
Add,Enabled,ESP - Clareamento e Lentes,Clareamento dental,clarear os dentes,Phrase match
Add,Enabled,ESP - Clareamento e Lentes,Clareamento dental,clareamento a laser,Phrase match
Add,Enabled,ESP - Clareamento e Lentes,Clareamento dental,clareamento dentário brusque,Phrase match
Add,Enabled,ESP - Clareamento e Lentes,Clareamento dental,dentes brancos dentista,Phrase match
Add,Enabled,ESP - Clareamento e Lentes,Clareamento dental,clareamento com moldeira,Phrase match
Add,Enabled,ESP - Clareamento e Lentes,Lente de contato dental,lente de contato dental brusque,Phrase match
Add,Enabled,ESP - Clareamento e Lentes,Lente de contato dental,lente de contato dental,Phrase match
Add,Enabled,ESP - Clareamento e Lentes,Lente de contato dental,lentes de contato dentais,Phrase match
Add,Enabled,ESP - Clareamento e Lentes,Lente de contato dental,faceta dental,Phrase match
Add,Enabled,ESP - Clareamento e Lentes,Lente de contato dental,faceta de porcelana,Phrase match
Add,Enabled,ESP - Clareamento e Lentes,Lente de contato dental,lente nos dentes,Phrase match
Add,Enabled,ESP - Clareamento e Lentes,Lente de contato dental,dentista estético brusque,Phrase match
Add,Enabled,ESP - Clareamento e Lentes,Lente de contato dental,fechar espaço entre os dentes,Phrase match
Add,Enabled,ESP - Harmonização Facial,Botox,botox brusque,Phrase match
Add,Enabled,ESP - Harmonização Facial,Botox,botox dentista,Phrase match
Add,Enabled,ESP - Harmonização Facial,Botox,aplicação de botox,Phrase match
Add,Enabled,ESP - Harmonização Facial,Botox,botox facial,Phrase match
Add,Enabled,ESP - Harmonização Facial,Botox,toxina botulínica brusque,Phrase match
Add,Enabled,ESP - Harmonização Facial,Botox,botox testa,Phrase match
Add,Enabled,ESP - Harmonização Facial,Botox,botox para homem,Phrase match
Add,Enabled,ESP - Harmonização Facial,Botox,clínica de botox brusque,Phrase match
Add,Enabled,ESP - Harmonização Facial,Harmonização e preenchimento,harmonização facial brusque,Phrase match
Add,Enabled,ESP - Harmonização Facial,Harmonização e preenchimento,harmonização orofacial,Phrase match
Add,Enabled,ESP - Harmonização Facial,Harmonização e preenchimento,harmonização facial,Phrase match
Add,Enabled,ESP - Harmonização Facial,Harmonização e preenchimento,preenchimento labial brusque,Phrase match
Add,Enabled,ESP - Harmonização Facial,Harmonização e preenchimento,preenchimento facial,Phrase match
Add,Enabled,ESP - Harmonização Facial,Harmonização e preenchimento,bioestimulador de colágeno,Phrase match
Add,Enabled,ESP - Harmonização Facial,Harmonização e preenchimento,preenchimento com ácido hialurônico,Phrase match
Add,Enabled,ESP - Harmonização Facial,Harmonização e preenchimento,harmonização facial dentista,Phrase match
Add,Enabled,ESP - Dentista em Brusque e Família,Dentista em Brusque,dentista em brusque,Phrase match
Add,Enabled,ESP - Dentista em Brusque e Família,Dentista em Brusque,clínica odontológica brusque,Phrase match
Add,Enabled,ESP - Dentista em Brusque e Família,Dentista em Brusque,clinica odontologica brusque,Exact match
Add,Enabled,ESP - Dentista em Brusque e Família,Dentista em Brusque,dentista santa rita brusque,Phrase match
Add,Enabled,ESP - Dentista em Brusque e Família,Dentista em Brusque,dentista azambuja,Phrase match
Add,Enabled,ESP - Dentista em Brusque e Família,Dentista em Brusque,consulta dentista brusque,Phrase match
Add,Enabled,ESP - Dentista em Brusque e Família,Dentista em Brusque,avaliação dentista brusque,Phrase match
Add,Enabled,ESP - Dentista em Brusque e Família,Dentista em Brusque,dentista brusque,Exact match
Add,Enabled,ESP - Dentista em Brusque e Família,Dentista em Brusque,dentista bom em brusque,Phrase match
Add,Enabled,ESP - Dentista em Brusque e Família,Família e convênio,dentista para família brusque,Phrase match
Add,Enabled,ESP - Dentista em Brusque e Família,Família e convênio,limpeza dental brusque,Phrase match
Add,Enabled,ESP - Dentista em Brusque e Família,Família e convênio,limpeza de dente dentista,Phrase match
Add,Enabled,ESP - Dentista em Brusque e Família,Família e convênio,dentista que atende convênio brusque,Phrase match
Add,Enabled,ESP - Dentista em Brusque e Família,Família e convênio,dentista convênio brusque,Phrase match
Add,Enabled,ESP - Dentista em Brusque e Família,Família e convênio,profilaxia dental brusque,Phrase match
Add,Enabled,ESP - Dentista em Brusque e Família,Família e convênio,check up dentista,Phrase match
Add,Enabled,ESP - Dentista em Brusque e Família,Família e convênio,restauração dentária brusque,Phrase match
