Action,Ad status,Campaign,Ad group,Ad type,Headline 1,Headline 2,Headline 3,Headline 4,Headline 5,Headline 6,Headline 7,Headline 8,Headline 9,Headline 10,Headline 11,Headline 12,Headline 13,Headline 14,Headline 15,Description 1,Description 2,Description 3,Description 4,Headline 1 position,Description 1 position,Path 1,Path 2,Final URL
Add,Enabled,ESP - Urgência,Dente quebrado,Responsive search ad,Quebrou o Dente? Encaixe Hoje,Urgência Dentária em Brusque,Dentista de Urgência Brusque,Encaixe de Urgência Hoje,Chame no WhatsApp e Conte,Dra. Catiucia · CRO-SC 14067,Dente Quebrado Tem Solução,Frente à Ponte dos Bombeiros,Atendimento de Seg a Sáb,Restauração de Dente Quebrado,Mais de 10 Anos em Brusque,Vaga Reservada Para Urgência,Dentista em Brusque Santa Rita,Resposta Rápida no WhatsApp,Especitá Odontologia Brusque,"Quebrou o dente? Encaixe de urgência hoje em Brusque. Dra. Catiucia, CRO-SC 14067.","Chame no WhatsApp, conte o que aconteceu e receba dois horários para hoje.","Dente quebrado, trincado ou solto: avaliação no mesmo dia, frente à ponte dos bombeiros.","Clínica em Brusque há mais de 10 anos. Primeiro o alívio, depois o plano.",1,1,urgencia,dente-quebrado,https://clinicaespecita.com/
Add,Enabled,ESP - Urgência,Dor de dente,Responsive search ad,Dor de Dente? Encaixe Hoje,Dentista Para Dor de Dente,Urgência Dentária em Brusque,Atendimento no Mesmo Dia,Dra. Catiucia · CRO-SC 14067,Dor Que Não Passa Com Remédio,Chame no WhatsApp Agora,Frente à Ponte dos Bombeiros,Canal e Extração em Brusque,Dentista Perto de Você,Mais de 10 Anos em Brusque,"Primeiro a Dor, Depois o Plano",Encaixe de Urgência Reservado,Atendimento Seg a Sáb,Especitá Odontologia Brusque,"Dor de dente que não passa? Encaixe no mesmo dia em Brusque. Dra. Catiucia, CRO-SC 14067.","Chame no WhatsApp, diga há quanto tempo dói e receba dois horários para hoje.","Canal, extração e tratamento da dor em Brusque, em frente à ponte dos bombeiros.","A Dra. atende urgências em Brusque há mais de 10 anos. Primeiro a dor, depois o plano.",1,1,urgencia,dor-de-dente,https://clinicaespecita.com/
Add,Enabled,ESP - Implante e Prótese,Implante dentário,Responsive search ad,Implante Dentário em Brusque,Está Faltando Dentes?,Dentista de Implante Brusque,Avaliação Com Planejamento,Dra. Catiucia · CRO-SC 14067,Volte a Mastigar de Tudo,Implante de Um ou Mais Dentes,Planejamento Digital do Caso,Frente à Ponte dos Bombeiros,Mais de 10 Anos em Brusque,Agende Pelo WhatsApp,Etapas Explicadas Sem Pressa,Implante Dentário Santa Rita,Dente da Frente ou de Trás,Especitá Odontologia Brusque,"Falta um dente ou vários? Avaliação com planejamento digital. Dra. Catiucia, CRO-SC 14067.","Implante dentário em Brusque, em frente à ponte dos bombeiros. Agende pelo WhatsApp.",Mastigar de tudo de novo e sorrir sem esconder: a avaliação mostra se o seu caso pode.,"Clínica em Brusque há mais de 10 anos. Implante para um dente, vários ou toda a arcada.",1,1,implante,brusque,https://clinicaespecita.com/
Add,Enabled,ESP - Implante e Prótese,Prótese protocolo,Responsive search ad,Prótese Protocolo em Brusque,Prótese Que Solta Tem Solução,Prótese Fixa Sobre Implantes,Avaliação Com Planejamento,Dra. Catiucia · CRO-SC 14067,Dentadura Que Não Sai do Lugar,Volte a Comer de Tudo,Protocolo Superior e Inferior,Frente à Ponte dos Bombeiros,Mais de 10 Anos em Brusque,Agende Pelo WhatsApp,Etapas Explicadas Sem Pressa,Prótese Dentária em Brusque,Hora de Trocar a Prótese?,Especitá Odontologia Brusque,"Prótese que solta e machuca? Está na hora de trocar. Dra. Catiucia, CRO-SC 14067.","Protocolo é a prótese fixa sobre implantes, que não sai. Etapas explicadas sem pressa.","Clínica em Brusque, em frente à ponte dos bombeiros. Agende a avaliação pelo WhatsApp.",Prótese móvel dura de 5 a 7 anos; depois afrouxa e fere a gengiva. Veja se pode ser fixa.,1,1,protese,protocolo,https://clinicaespecita.com/
Add,Enabled,ESP - Ortodontia,Alinhador invisível,Responsive search ad,Alinhador Invisível em Brusque,O Aparelho Que Ninguém Vê,Alinhe os Dentes Sem Metal,Avaliação Com Planejamento,Dra. Catiucia · CRO-SC 14067,Acompanhamento em Brusque,Sai Para Comer e Escovar,Seu Caso Pode Usar Alinhador?,Frente à Ponte dos Bombeiros,Mais de 10 Anos em Brusque,Agende Pelo WhatsApp,Ortodontia Para Adultos,Alinhador Transparente,Discreto Para Reuniões e Fotos,Especitá Odontologia Brusque,"Alinhador invisível: dentes alinhados sem metal, em Brusque. Dra. Catiucia, CRO-SC 14067.",Quer saber se o seu caso pode? Avaliação com planejamento digital. Agende pelo WhatsApp.,"Ortodontia para adultos em Brusque, frente à ponte dos bombeiros. Discreto nas reuniões.",Sai para comer e escovar. Alinhador ou aparelho fixo: a avaliação mostra o caminho certo.,1,1,ortodontia,alinhador,https://clinicaespecita.com/
Add,Enabled,ESP - Ortodontia,Aparelho fixo,Responsive search ad,Aparelho Ortodôntico Brusque,Ortodontista em Brusque,Quando Começar o Aparelho?,Avaliação Ortodôntica,Dra. Catiucia · CRO-SC 14067,Aparelho Fixo ou Alinhador,Acompanhamento Perto de Casa,Para Adolescentes e Adultos,Frente à Ponte dos Bombeiros,Mais de 10 Anos em Brusque,Agende Pelo WhatsApp,A Dra. Explica Cada Etapa,Ortodontia em Brusque,Dentes Tortos ou Apinhados,Especitá Odontologia Brusque,"Aparelho fixo ou alinhador? A avaliação mostra o caminho. Dra. Catiucia, CRO-SC 14067.","Ortodontia em Brusque com acompanhamento perto de casa, em frente à ponte dos bombeiros.",Quando começar o aparelho do seu filho? Agende a avaliação pelo WhatsApp.,Clínica em Brusque há mais de 10 anos. Aparelho para adolescentes e adultos.,1,1,ortodontia,brusque,https://clinicaespecita.com/
Add,Enabled,ESP - Odontopediatria,Dentista infantil,Responsive search ad,Dentista Infantil em Brusque,1ª Visita: Só Para Conhecer,Odontopediatria em Brusque,Visita de Adaptação Sem Trauma,Dra. Catiucia · CRO-SC 14067,Dentista Para Bebês e Crianças,Criança Com Medo de Dentista?,Bebê no Dentista: Quando Levar,Frente à Ponte dos Bombeiros,Mais de 10 Anos em Brusque,Agende Pelo WhatsApp,Cantinho Infantil na Clínica,Dentista Para Toda a Família,Clube do Dente Corajoso,Especitá Odontologia Brusque,"Primeira visita de adaptação: sem procedimento, sem trauma. Dra. Catiucia, CRO-SC 14067.","Dentista para bebês e crianças em Brusque, em frente à ponte dos bombeiros.",Com que idade levar o bebê ao dentista? Antes de 1 ano. Tire as dúvidas pelo WhatsApp.,"Criança com medo de dentista? A criança conhece a cadeira e o espelhinho, no ritmo dela.",1,1,infantil,brusque,https://clinicaespecita.com/
Add,Enabled,ESP - Clareamento e Lentes,Clareamento dental,Responsive search ad,Clareamento Dental em Brusque,Clareamento Personalizado,Sorriso Branco Para as Festas,Moldeira Feita Para Você,Dra. Catiucia · CRO-SC 14067,Não É Clareamento de Farmácia,Resultado Uniforme e Natural,Avaliação do Tom dos Dentes,Frente à Ponte dos Bombeiros,Mais de 10 Anos em Brusque,Agende Pelo WhatsApp,Agenda de Dezembro Aberta,Clareamento Com Acompanhamento,"Casamento, Formatura ou Fotos",Especitá Odontologia Brusque,"Clareamento personalizado com moldeira feita para a sua boca. Dra. Catiucia, CRO-SC 14067.",Diferente do clareamento de farmácia: acompanhamento da Dra. e resultado uniforme.,"Sorriso branco para casamento, formatura e festas de fim de ano. Clínica em Brusque.","Clínica em Brusque há mais de 10 anos, frente à ponte dos bombeiros. Agende pelo WhatsApp.",1,1,clareamento,brusque,https://clinicaespecita.com/
Add,Enabled,ESP - Clareamento e Lentes,Lente de contato dental,Responsive search ad,Lente de Contato Dental,O Sorriso Planejado Pela Dra.,Lentes e Facetas em Brusque,Avaliação Com Planejamento,Dra. Catiucia · CRO-SC 14067,Dente Pequeno ou Espaçado?,Sorriso Planejado em Digital,Veja Se o Seu Caso Pode,Frente à Ponte dos Bombeiros,Mais de 10 Anos em Brusque,Agende Pelo WhatsApp,Etapas Explicadas Sem Pressa,Estética Dental em Brusque,Facetas de Porcelana,Especitá Odontologia Brusque,"Lente de contato dental para dente pequeno ou espaçado. Dra. Catiucia, CRO-SC 14067.","A Dra. mostra a lente na mão e explica cada etapa, sem pressa. Clínica em Brusque.","Lentes e facetas em Brusque, frente à ponte dos bombeiros. Agende a avaliação no WhatsApp.",Avaliação com planejamento digital do sorriso: veja se o seu caso pode receber lentes.,1,1,lentes,brusque,https://clinicaespecita.com/
Add,Enabled,ESP - Harmonização Facial,Botox,Responsive search ad,Botox em Brusque Com a Dra.,O Que o Botox Faz e Não Faz,Aplicação de Botox em Brusque,Avaliação Facial Individual,Dra. Catiucia · CRO-SC 14067,Habilitação em Harmonização,Resultado Discreto e Natural,Botox Para Homens Também,Frente à Ponte dos Bombeiros,Mais de 10 Anos em Brusque,Agende Pelo WhatsApp,Linhas de Expressão e Testa,Harmonização Orofacial Brusque,Plano Feito Para o Seu Rosto,Especitá Odontologia Brusque,"O que o botox faz e o que não faz, explicado na avaliação. Dra. Catiucia, CRO-SC 14067.","Dra. Catiucia, habilitação em harmonização orofacial (EPAO 4417). Clínica em Brusque.",Avaliação facial individual com plano para o seu rosto. Agende pelo WhatsApp.,"Botox para linhas de expressão, para mulheres e homens, em Brusque, bairro Santa Rita.",1,1,harmonizacao,botox,https://clinicaespecita.com/
Add,Enabled,ESP - Harmonização Facial,Harmonização e preenchimento,Responsive search ad,Harmonização Facial em Brusque,Harmonização Orofacial,Preenchimento e Bioestimulador,Avaliação Facial Individual,Dra. Catiucia · CRO-SC 14067,Habilitação em Harmonização,Resultado Discreto e Natural,Plano Feito Para o Seu Rosto,Frente à Ponte dos Bombeiros,Mais de 10 Anos em Brusque,Agende Pelo WhatsApp,Preenchimento Labial Brusque,Etapas Explicadas Sem Pressa,Para Noivas e Para Homens,Especitá Odontologia Brusque,"Harmonização orofacial com avaliação individual, sem exagero. Dra. Catiucia, CRO-SC 14067.","Dra. Catiucia, habilitação em harmonização orofacial (EPAO 4417). Clínica em Brusque.","Preenchimento, bioestimulador e botox explicados na avaliação. Agende pelo WhatsApp.","Clínica em Brusque há mais de 10 anos, frente à ponte dos bombeiros. Resultado discreto.",1,1,harmonizacao,facial,https://clinicaespecita.com/
Add,Enabled,ESP - Dentista em Brusque e Família,Dentista em Brusque,Responsive search ad,Dentista em Brusque,Clínica Odontológica Brusque,Avaliação Completa em Brusque,Novo em Brusque Sem Dentista?,Dra. Catiucia · CRO-SC 14067,Frente à Ponte dos Bombeiros,Mais de 10 Anos em Brusque,Agende Pelo WhatsApp,Dentista no Bairro Santa Rita,Avaliação no Mesmo Dia,"Implante, Ortodontia, Estética",Atendimento Seg a Sáb,Especitá Odontologia Brusque,Um Dentista Para a Família,1 Ano Sem Ir ao Dentista?,"Clínica odontológica em Brusque há mais de 10 anos. Dra. Catiucia, CRO-SC 14067.",Novo em Brusque e ainda sem dentista? Avaliação completa para começar do jeito certo.,"Implante, ortodontia, clareamento, odontopediatria e harmonização em um só lugar.","Mais de um ano sem ir ao dentista? A avaliação mostra por onde começar, sem susto.",1,1,dentista,brusque,https://clinicaespecita.com/
Add,Enabled,ESP - Dentista em Brusque e Família,Família e convênio,Responsive search ad,Dentista Para a Família Toda,Limpeza e Avaliação em Brusque,Clínica Para Toda a Família,Família Avaliada no Mesmo Dia,Dra. Catiucia · CRO-SC 14067,Frente à Ponte dos Bombeiros,Mais de 10 Anos em Brusque,Agende Pelo WhatsApp,"Limpeza, Restauração e Revisão",Crianças e Adultos Juntos,Revisão a Cada 6 Meses,Atendimento Seg a Sáb,Dentista no Bairro Santa Rita,Pergunte Sobre o Seu Convênio,Especitá Odontologia Brusque,"Uma clínica para a família inteira, em Brusque, Santa Rita. Dra. Catiucia, CRO-SC 14067.","Avaliação da família no mesmo dia, em frente à ponte dos bombeiros. Agende pelo WhatsApp.",Pergunte pelo WhatsApp sobre o seu convênio e os horários de sábado.,"Limpeza, restauração e revisão a cada 6 meses, para crianças e adultos, perto de casa.",1,1,familia,brusque,https://clinicaespecita.com/
