Action,Keyword status,Level,Campaign,Negative keyword,Type
Add,Enabled,Campaign,ESP - Urgência,grátis,Phrase match
Add,Enabled,Campaign,ESP - Urgência,gratuito,Phrase match
Add,Enabled,Campaign,ESP - Urgência,de graça,Phrase match
Add,Enabled,Campaign,ESP - Urgência,sus,Phrase match
Add,Enabled,Campaign,ESP - Urgência,ubs,Phrase match
Add,Enabled,Campaign,ESP - Urgência,posto de saúde,Phrase match
Add,Enabled,Campaign,ESP - Urgência,curso,Phrase match
Add,Enabled,Campaign,ESP - Urgência,faculdade,Phrase match
Add,Enabled,Campaign,ESP - Urgência,técnico,Phrase match
Add,Enabled,Campaign,ESP - Urgência,auxiliar,Phrase match
Add,Enabled,Campaign,ESP - Urgência,asb,Phrase match
Add,Enabled,Campaign,ESP - Urgência,tsb,Phrase match
Add,Enabled,Campaign,ESP - Urgência,vaga,Phrase match
Add,Enabled,Campaign,ESP - Urgência,emprego,Phrase match
Add,Enabled,Campaign,ESP - Urgência,salário,Phrase match
Add,Enabled,Campaign,ESP - Urgência,quanto ganha,Phrase match
Add,Enabled,Campaign,ESP - Urgência,concurso,Phrase match
Add,Enabled,Campaign,ESP - Urgência,estágio,Phrase match
Add,Enabled,Campaign,ESP - Urgência,residência,Phrase match
Add,Enabled,Campaign,ESP - Urgência,cursos,Phrase match
Add,Enabled,Campaign,ESP - Urgência,apostila,Phrase match
Add,Enabled,Campaign,ESP - Urgência,pdf,Phrase match
Add,Enabled,Campaign,ESP - Urgência,youtube,Phrase match
Add,Enabled,Campaign,ESP - Urgência,wikipedia,Phrase match
Add,Enabled,Campaign,ESP - Urgência,significado,Phrase match
Add,Enabled,Campaign,ESP - Urgência,o que é,Phrase match
Add,Enabled,Campaign,ESP - Urgência,caseiro,Phrase match
Add,Enabled,Campaign,ESP - Urgência,em casa,Phrase match
Add,Enabled,Campaign,ESP - Urgência,receita,Phrase match
Add,Enabled,Campaign,ESP - Urgência,bicarbonato,Phrase match
Add,Enabled,Campaign,ESP - Urgência,plano odontológico,Phrase match
Add,Enabled,Campaign,ESP - Urgência,convênio barato,Phrase match
Add,Enabled,Campaign,ESP - Urgência,odontocompany,Phrase match
Add,Enabled,Campaign,ESP - Urgência,oral sin,Phrase match
Add,Enabled,Campaign,ESP - Urgência,sorridents,Phrase match
Add,Enabled,Campaign,ESP - Urgência,sorriso certo,Phrase match
Add,Enabled,Campaign,ESP - Urgência,uniodonto,Phrase match
Add,Enabled,Campaign,ESP - Urgência,amil dental,Phrase match
Add,Enabled,Campaign,ESP - Urgência,blumenau,Phrase match
Add,Enabled,Campaign,ESP - Urgência,itajaí,Phrase match
Add,Enabled,Campaign,ESP - Urgência,balneário,Phrase match
Add,Enabled,Campaign,ESP - Urgência,joinville,Phrase match
Add,Enabled,Campaign,ESP - Urgência,florianópolis,Phrase match
Add,Enabled,Campaign,ESP - Urgência,gaspar,Phrase match
Add,Enabled,Campaign,ESP - Urgência,indaial,Phrase match
Add,Enabled,Campaign,ESP - Urgência,timbó,Phrase match
Add,Enabled,Campaign,ESP - Urgência,veterinário,Phrase match
Add,Enabled,Campaign,ESP - Urgência,cachorro,Phrase match
Add,Enabled,Campaign,ESP - Urgência,gato,Phrase match
Add,Enabled,Campaign,ESP - Urgência,dentista 24 horas,Phrase match
Add,Enabled,Campaign,ESP - Implante e Prótese,grátis,Phrase match
Add,Enabled,Campaign,ESP - Implante e Prótese,gratuito,Phrase match
Add,Enabled,Campaign,ESP - Implante e Prótese,de graça,Phrase match
Add,Enabled,Campaign,ESP - Implante e Prótese,sus,Phrase match
Add,Enabled,Campaign,ESP - Implante e Prótese,ubs,Phrase match
Add,Enabled,Campaign,ESP - Implante e Prótese,posto de saúde,Phrase match
Add,Enabled,Campaign,ESP - Implante e Prótese,curso,Phrase match
Add,Enabled,Campaign,ESP - Implante e Prótese,faculdade,Phrase match
Add,Enabled,Campaign,ESP - Implante e Prótese,técnico,Phrase match
Add,Enabled,Campaign,ESP - Implante e Prótese,auxiliar,Phrase match
Add,Enabled,Campaign,ESP - Implante e Prótese,asb,Phrase match
Add,Enabled,Campaign,ESP - Implante e Prótese,tsb,Phrase match
Add,Enabled,Campaign,ESP - Implante e Prótese,vaga,Phrase match
Add,Enabled,Campaign,ESP - Implante e Prótese,emprego,Phrase match
Add,Enabled,Campaign,ESP - Implante e Prótese,salário,Phrase match
Add,Enabled,Campaign,ESP - Implante e Prótese,quanto ganha,Phrase match
Add,Enabled,Campaign,ESP - Implante e Prótese,concurso,Phrase match
Add,Enabled,Campaign,ESP - Implante e Prótese,estágio,Phrase match
Add,Enabled,Campaign,ESP - Implante e Prótese,residência,Phrase match
Add,Enabled,Campaign,ESP - Implante e Prótese,cursos,Phrase match
Add,Enabled,Campaign,ESP - Implante e Prótese,apostila,Phrase match
Add,Enabled,Campaign,ESP - Implante e Prótese,pdf,Phrase match
Add,Enabled,Campaign,ESP - Implante e Prótese,youtube,Phrase match
Add,Enabled,Campaign,ESP - Implante e Prótese,wikipedia,Phrase match
Add,Enabled,Campaign,ESP - Implante e Prótese,significado,Phrase match
Add,Enabled,Campaign,ESP - Implante e Prótese,o que é,Phrase match
Add,Enabled,Campaign,ESP - Implante e Prótese,caseiro,Phrase match
Add,Enabled,Campaign,ESP - Implante e Prótese,em casa,Phrase match
Add,Enabled,Campaign,ESP - Implante e Prótese,receita,Phrase match
Add,Enabled,Campaign,ESP - Implante e Prótese,bicarbonato,Phrase match
Add,Enabled,Campaign,ESP - Implante e Prótese,plano odontológico,Phrase match
Add,Enabled,Campaign,ESP - Implante e Prótese,convênio barato,Phrase match
Add,Enabled,Campaign,ESP - Implante e Prótese,odontocompany,Phrase match
Add,Enabled,Campaign,ESP - Implante e Prótese,oral sin,Phrase match
Add,Enabled,Campaign,ESP - Implante e Prótese,sorridents,Phrase match
Add,Enabled,Campaign,ESP - Implante e Prótese,sorriso certo,Phrase match
Add,Enabled,Campaign,ESP - Implante e Prótese,uniodonto,Phrase match
Add,Enabled,Campaign,ESP - Implante e Prótese,amil dental,Phrase match
Add,Enabled,Campaign,ESP - Implante e Prótese,joinville,Phrase match
Add,Enabled,Campaign,ESP - Implante e Prótese,florianópolis,Phrase match
Add,Enabled,Campaign,ESP - Implante e Prótese,veterinário,Phrase match
Add,Enabled,Campaign,ESP - Implante e Prótese,cachorro,Phrase match
Add,Enabled,Campaign,ESP - Implante e Prótese,gato,Phrase match
Add,Enabled,Campaign,ESP - Implante e Prótese,barato,Phrase match
Add,Enabled,Campaign,ESP - Implante e Prótese,mais barato,Phrase match
Add,Enabled,Campaign,ESP - Implante e Prótese,preço,Phrase match
Add,Enabled,Campaign,ESP - Implante e Prótese,valor,Phrase match
Add,Enabled,Campaign,ESP - Implante e Prótese,quanto custa,Phrase match
Add,Enabled,Campaign,ESP - Implante e Prótese,tabela,Phrase match
Add,Enabled,Campaign,ESP - Ortodontia,grátis,Phrase match
Add,Enabled,Campaign,ESP - Ortodontia,gratuito,Phrase match
Add,Enabled,Campaign,ESP - Ortodontia,de graça,Phrase match
Add,Enabled,Campaign,ESP - Ortodontia,sus,Phrase match
Add,Enabled,Campaign,ESP - Ortodontia,ubs,Phrase match
Add,Enabled,Campaign,ESP - Ortodontia,posto de saúde,Phrase match
Add,Enabled,Campaign,ESP - Ortodontia,curso,Phrase match
Add,Enabled,Campaign,ESP - Ortodontia,faculdade,Phrase match
Add,Enabled,Campaign,ESP - Ortodontia,técnico,Phrase match
Add,Enabled,Campaign,ESP - Ortodontia,auxiliar,Phrase match
Add,Enabled,Campaign,ESP - Ortodontia,asb,Phrase match
Add,Enabled,Campaign,ESP - Ortodontia,tsb,Phrase match
Add,Enabled,Campaign,ESP - Ortodontia,vaga,Phrase match
Add,Enabled,Campaign,ESP - Ortodontia,emprego,Phrase match
Add,Enabled,Campaign,ESP - Ortodontia,salário,Phrase match
Add,Enabled,Campaign,ESP - Ortodontia,quanto ganha,Phrase match
Add,Enabled,Campaign,ESP - Ortodontia,concurso,Phrase match
Add,Enabled,Campaign,ESP - Ortodontia,estágio,Phrase match
Add,Enabled,Campaign,ESP - Ortodontia,residência,Phrase match
Add,Enabled,Campaign,ESP - Ortodontia,cursos,Phrase match
Add,Enabled,Campaign,ESP - Ortodontia,apostila,Phrase match
Add,Enabled,Campaign,ESP - Ortodontia,pdf,Phrase match
Add,Enabled,Campaign,ESP - Ortodontia,youtube,Phrase match
Add,Enabled,Campaign,ESP - Ortodontia,wikipedia,Phrase match
Add,Enabled,Campaign,ESP - Ortodontia,significado,Phrase match
Add,Enabled,Campaign,ESP - Ortodontia,o que é,Phrase match
Add,Enabled,Campaign,ESP - Ortodontia,caseiro,Phrase match
Add,Enabled,Campaign,ESP - Ortodontia,em casa,Phrase match
Add,Enabled,Campaign,ESP - Ortodontia,receita,Phrase match
Add,Enabled,Campaign,ESP - Ortodontia,bicarbonato,Phrase match
Add,Enabled,Campaign,ESP - Ortodontia,plano odontológico,Phrase match
Add,Enabled,Campaign,ESP - Ortodontia,convênio barato,Phrase match
Add,Enabled,Campaign,ESP - Ortodontia,odontocompany,Phrase match
Add,Enabled,Campaign,ESP - Ortodontia,oral sin,Phrase match
Add,Enabled,Campaign,ESP - Ortodontia,sorridents,Phrase match
Add,Enabled,Campaign,ESP - Ortodontia,sorriso certo,Phrase match
Add,Enabled,Campaign,ESP - Ortodontia,uniodonto,Phrase match
Add,Enabled,Campaign,ESP - Ortodontia,amil dental,Phrase match
Add,Enabled,Campaign,ESP - Ortodontia,blumenau,Phrase match
Add,Enabled,Campaign,ESP - Ortodontia,itajaí,Phrase match
Add,Enabled,Campaign,ESP - Ortodontia,balneário,Phrase match
Add,Enabled,Campaign,ESP - Ortodontia,joinville,Phrase match
Add,Enabled,Campaign,ESP - Ortodontia,florianópolis,Phrase match
Add,Enabled,Campaign,ESP - Ortodontia,gaspar,Phrase match
Add,Enabled,Campaign,ESP - Ortodontia,indaial,Phrase match
Add,Enabled,Campaign,ESP - Ortodontia,timbó,Phrase match
Add,Enabled,Campaign,ESP - Ortodontia,veterinário,Phrase match
Add,Enabled,Campaign,ESP - Ortodontia,cachorro,Phrase match
Add,Enabled,Campaign,ESP - Ortodontia,gato,Phrase match
Add,Enabled,Campaign,ESP - Ortodontia,dentista 24 horas,Phrase match
Add,Enabled,Campaign,ESP - Odontopediatria,grátis,Phrase match
Add,Enabled,Campaign,ESP - Odontopediatria,gratuito,Phrase match
Add,Enabled,Campaign,ESP - Odontopediatria,de graça,Phrase match
Add,Enabled,Campaign,ESP - Odontopediatria,sus,Phrase match
Add,Enabled,Campaign,ESP - Odontopediatria,ubs,Phrase match
Add,Enabled,Campaign,ESP - Odontopediatria,posto de saúde,Phrase match
Add,Enabled,Campaign,ESP - Odontopediatria,curso,Phrase match
Add,Enabled,Campaign,ESP - Odontopediatria,faculdade,Phrase match
Add,Enabled,Campaign,ESP - Odontopediatria,técnico,Phrase match
Add,Enabled,Campaign,ESP - Odontopediatria,auxiliar,Phrase match
Add,Enabled,Campaign,ESP - Odontopediatria,asb,Phrase match
Add,Enabled,Campaign,ESP - Odontopediatria,tsb,Phrase match
Add,Enabled,Campaign,ESP - Odontopediatria,vaga,Phrase match
Add,Enabled,Campaign,ESP - Odontopediatria,emprego,Phrase match
Add,Enabled,Campaign,ESP - Odontopediatria,salário,Phrase match
Add,Enabled,Campaign,ESP - Odontopediatria,quanto ganha,Phrase match
Add,Enabled,Campaign,ESP - Odontopediatria,concurso,Phrase match
Add,Enabled,Campaign,ESP - Odontopediatria,estágio,Phrase match
Add,Enabled,Campaign,ESP - Odontopediatria,residência,Phrase match
Add,Enabled,Campaign,ESP - Odontopediatria,cursos,Phrase match
Add,Enabled,Campaign,ESP - Odontopediatria,apostila,Phrase match
Add,Enabled,Campaign,ESP - Odontopediatria,pdf,Phrase match
Add,Enabled,Campaign,ESP - Odontopediatria,youtube,Phrase match
Add,Enabled,Campaign,ESP - Odontopediatria,wikipedia,Phrase match
Add,Enabled,Campaign,ESP - Odontopediatria,significado,Phrase match
Add,Enabled,Campaign,ESP - Odontopediatria,o que é,Phrase match
Add,Enabled,Campaign,ESP - Odontopediatria,caseiro,Phrase match
Add,Enabled,Campaign,ESP - Odontopediatria,em casa,Phrase match
Add,Enabled,Campaign,ESP - Odontopediatria,receita,Phrase match
Add,Enabled,Campaign,ESP - Odontopediatria,bicarbonato,Phrase match
Add,Enabled,Campaign,ESP - Odontopediatria,plano odontológico,Phrase match
Add,Enabled,Campaign,ESP - Odontopediatria,convênio barato,Phrase match
Add,Enabled,Campaign,ESP - Odontopediatria,odontocompany,Phrase match
Add,Enabled,Campaign,ESP - Odontopediatria,oral sin,Phrase match
Add,Enabled,Campaign,ESP - Odontopediatria,sorridents,Phrase match
Add,Enabled,Campaign,ESP - Odontopediatria,sorriso certo,Phrase match
Add,Enabled,Campaign,ESP - Odontopediatria,uniodonto,Phrase match
Add,Enabled,Campaign,ESP - Odontopediatria,amil dental,Phrase match
Add,Enabled,Campaign,ESP - Odontopediatria,blumenau,Phrase match
Add,Enabled,Campaign,ESP - Odontopediatria,itajaí,Phrase match
Add,Enabled,Campaign,ESP - Odontopediatria,balneário,Phrase match
Add,Enabled,Campaign,ESP - Odontopediatria,joinville,Phrase match
Add,Enabled,Campaign,ESP - Odontopediatria,florianópolis,Phrase match
Add,Enabled,Campaign,ESP - Odontopediatria,gaspar,Phrase match
Add,Enabled,Campaign,ESP - Odontopediatria,indaial,Phrase match
Add,Enabled,Campaign,ESP - Odontopediatria,timbó,Phrase match
Add,Enabled,Campaign,ESP - Odontopediatria,veterinário,Phrase match
Add,Enabled,Campaign,ESP - Odontopediatria,cachorro,Phrase match
Add,Enabled,Campaign,ESP - Odontopediatria,gato,Phrase match
Add,Enabled,Campaign,ESP - Odontopediatria,dentista 24 horas,Phrase match
Add,Enabled,Campaign,ESP - Clareamento e Lentes,grátis,Phrase match
Add,Enabled,Campaign,ESP - Clareamento e Lentes,gratuito,Phrase match
Add,Enabled,Campaign,ESP - Clareamento e Lentes,de graça,Phrase match
Add,Enabled,Campaign,ESP - Clareamento e Lentes,sus,Phrase match
Add,Enabled,Campaign,ESP - Clareamento e Lentes,ubs,Phrase match
Add,Enabled,Campaign,ESP - Clareamento e Lentes,posto de saúde,Phrase match
Add,Enabled,Campaign,ESP - Clareamento e Lentes,curso,Phrase match
Add,Enabled,Campaign,ESP - Clareamento e Lentes,faculdade,Phrase match
Add,Enabled,Campaign,ESP - Clareamento e Lentes,técnico,Phrase match
Add,Enabled,Campaign,ESP - Clareamento e Lentes,auxiliar,Phrase match
Add,Enabled,Campaign,ESP - Clareamento e Lentes,asb,Phrase match
Add,Enabled,Campaign,ESP - Clareamento e Lentes,tsb,Phrase match
Add,Enabled,Campaign,ESP - Clareamento e Lentes,vaga,Phrase match
Add,Enabled,Campaign,ESP - Clareamento e Lentes,emprego,Phrase match
Add,Enabled,Campaign,ESP - Clareamento e Lentes,salário,Phrase match
Add,Enabled,Campaign,ESP - Clareamento e Lentes,quanto ganha,Phrase match
Add,Enabled,Campaign,ESP - Clareamento e Lentes,concurso,Phrase match
Add,Enabled,Campaign,ESP - Clareamento e Lentes,estágio,Phrase match
Add,Enabled,Campaign,ESP - Clareamento e Lentes,residência,Phrase match
Add,Enabled,Campaign,ESP - Clareamento e Lentes,cursos,Phrase match
Add,Enabled,Campaign,ESP - Clareamento e Lentes,apostila,Phrase match
Add,Enabled,Campaign,ESP - Clareamento e Lentes,pdf,Phrase match
Add,Enabled,Campaign,ESP - Clareamento e Lentes,youtube,Phrase match
Add,Enabled,Campaign,ESP - Clareamento e Lentes,wikipedia,Phrase match
Add,Enabled,Campaign,ESP - Clareamento e Lentes,significado,Phrase match
Add,Enabled,Campaign,ESP - Clareamento e Lentes,o que é,Phrase match
Add,Enabled,Campaign,ESP - Clareamento e Lentes,caseiro,Phrase match
Add,Enabled,Campaign,ESP - Clareamento e Lentes,em casa,Phrase match
Add,Enabled,Campaign,ESP - Clareamento e Lentes,receita,Phrase match
Add,Enabled,Campaign,ESP - Clareamento e Lentes,bicarbonato,Phrase match
Add,Enabled,Campaign,ESP - Clareamento e Lentes,plano odontológico,Phrase match
Add,Enabled,Campaign,ESP - Clareamento e Lentes,convênio barato,Phrase match
Add,Enabled,Campaign,ESP - Clareamento e Lentes,odontocompany,Phrase match
Add,Enabled,Campaign,ESP - Clareamento e Lentes,oral sin,Phrase match
Add,Enabled,Campaign,ESP - Clareamento e Lentes,sorridents,Phrase match
Add,Enabled,Campaign,ESP - Clareamento e Lentes,sorriso certo,Phrase match
Add,Enabled,Campaign,ESP - Clareamento e Lentes,uniodonto,Phrase match
Add,Enabled,Campaign,ESP - Clareamento e Lentes,amil dental,Phrase match
Add,Enabled,Campaign,ESP - Clareamento e Lentes,blumenau,Phrase match
Add,Enabled,Campaign,ESP - Clareamento e Lentes,itajaí,Phrase match
Add,Enabled,Campaign,ESP - Clareamento e Lentes,balneário,Phrase match
Add,Enabled,Campaign,ESP - Clareamento e Lentes,joinville,Phrase match
Add,Enabled,Campaign,ESP - Clareamento e Lentes,florianópolis,Phrase match
Add,Enabled,Campaign,ESP - Clareamento e Lentes,gaspar,Phrase match
Add,Enabled,Campaign,ESP - Clareamento e Lentes,indaial,Phrase match
Add,Enabled,Campaign,ESP - Clareamento e Lentes,timbó,Phrase match
Add,Enabled,Campaign,ESP - Clareamento e Lentes,veterinário,Phrase match
Add,Enabled,Campaign,ESP - Clareamento e Lentes,cachorro,Phrase match
Add,Enabled,Campaign,ESP - Clareamento e Lentes,gato,Phrase match
Add,Enabled,Campaign,ESP - Clareamento e Lentes,dentista 24 horas,Phrase match
Add,Enabled,Campaign,ESP - Harmonização Facial,grátis,Phrase match
Add,Enabled,Campaign,ESP - Harmonização Facial,gratuito,Phrase match
Add,Enabled,Campaign,ESP - Harmonização Facial,de graça,Phrase match
Add,Enabled,Campaign,ESP - Harmonização Facial,sus,Phrase match
Add,Enabled,Campaign,ESP - Harmonização Facial,ubs,Phrase match
Add,Enabled,Campaign,ESP - Harmonização Facial,posto de saúde,Phrase match
Add,Enabled,Campaign,ESP - Harmonização Facial,curso,Phrase match
Add,Enabled,Campaign,ESP - Harmonização Facial,faculdade,Phrase match
Add,Enabled,Campaign,ESP - Harmonização Facial,técnico,Phrase match
Add,Enabled,Campaign,ESP - Harmonização Facial,auxiliar,Phrase match
Add,Enabled,Campaign,ESP - Harmonização Facial,asb,Phrase match
Add,Enabled,Campaign,ESP - Harmonização Facial,tsb,Phrase match
Add,Enabled,Campaign,ESP - Harmonização Facial,vaga,Phrase match
Add,Enabled,Campaign,ESP - Harmonização Facial,emprego,Phrase match
Add,Enabled,Campaign,ESP - Harmonização Facial,salário,Phrase match
Add,Enabled,Campaign,ESP - Harmonização Facial,quanto ganha,Phrase match
Add,Enabled,Campaign,ESP - Harmonização Facial,concurso,Phrase match
Add,Enabled,Campaign,ESP - Harmonização Facial,estágio,Phrase match
Add,Enabled,Campaign,ESP - Harmonização Facial,residência,Phrase match
Add,Enabled,Campaign,ESP - Harmonização Facial,cursos,Phrase match
Add,Enabled,Campaign,ESP - Harmonização Facial,apostila,Phrase match
Add,Enabled,Campaign,ESP - Harmonização Facial,pdf,Phrase match
Add,Enabled,Campaign,ESP - Harmonização Facial,youtube,Phrase match
Add,Enabled,Campaign,ESP - Harmonização Facial,wikipedia,Phrase match
Add,Enabled,Campaign,ESP - Harmonização Facial,significado,Phrase match
Add,Enabled,Campaign,ESP - Harmonização Facial,o que é,Phrase match
Add,Enabled,Campaign,ESP - Harmonização Facial,caseiro,Phrase match
Add,Enabled,Campaign,ESP - Harmonização Facial,em casa,Phrase match
Add,Enabled,Campaign,ESP - Harmonização Facial,receita,Phrase match
Add,Enabled,Campaign,ESP - Harmonização Facial,bicarbonato,Phrase match
Add,Enabled,Campaign,ESP - Harmonização Facial,plano odontológico,Phrase match
Add,Enabled,Campaign,ESP - Harmonização Facial,convênio barato,Phrase match
Add,Enabled,Campaign,ESP - Harmonização Facial,odontocompany,Phrase match
Add,Enabled,Campaign,ESP - Harmonização Facial,oral sin,Phrase match
Add,Enabled,Campaign,ESP - Harmonização Facial,sorridents,Phrase match
Add,Enabled,Campaign,ESP - Harmonização Facial,sorriso certo,Phrase match
Add,Enabled,Campaign,ESP - Harmonização Facial,uniodonto,Phrase match
Add,Enabled,Campaign,ESP - Harmonização Facial,amil dental,Phrase match
Add,Enabled,Campaign,ESP - Harmonização Facial,joinville,Phrase match
Add,Enabled,Campaign,ESP - Harmonização Facial,florianópolis,Phrase match
Add,Enabled,Campaign,ESP - Harmonização Facial,veterinário,Phrase match
Add,Enabled,Campaign,ESP - Harmonização Facial,cachorro,Phrase match
Add,Enabled,Campaign,ESP - Harmonização Facial,gato,Phrase match
Add,Enabled,Campaign,ESP - Dentista em Brusque e Família,grátis,Phrase match
Add,Enabled,Campaign,ESP - Dentista em Brusque e Família,gratuito,Phrase match
Add,Enabled,Campaign,ESP - Dentista em Brusque e Família,de graça,Phrase match
Add,Enabled,Campaign,ESP - Dentista em Brusque e Família,sus,Phrase match
Add,Enabled,Campaign,ESP - Dentista em Brusque e Família,ubs,Phrase match
Add,Enabled,Campaign,ESP - Dentista em Brusque e Família,posto de saúde,Phrase match
Add,Enabled,Campaign,ESP - Dentista em Brusque e Família,curso,Phrase match
Add,Enabled,Campaign,ESP - Dentista em Brusque e Família,faculdade,Phrase match
Add,Enabled,Campaign,ESP - Dentista em Brusque e Família,técnico,Phrase match
Add,Enabled,Campaign,ESP - Dentista em Brusque e Família,auxiliar,Phrase match
Add,Enabled,Campaign,ESP - Dentista em Brusque e Família,asb,Phrase match
Add,Enabled,Campaign,ESP - Dentista em Brusque e Família,tsb,Phrase match
Add,Enabled,Campaign,ESP - Dentista em Brusque e Família,vaga,Phrase match
Add,Enabled,Campaign,ESP - Dentista em Brusque e Família,emprego,Phrase match
Add,Enabled,Campaign,ESP - Dentista em Brusque e Família,salário,Phrase match
Add,Enabled,Campaign,ESP - Dentista em Brusque e Família,quanto ganha,Phrase match
Add,Enabled,Campaign,ESP - Dentista em Brusque e Família,concurso,Phrase match
Add,Enabled,Campaign,ESP - Dentista em Brusque e Família,estágio,Phrase match
Add,Enabled,Campaign,ESP - Dentista em Brusque e Família,residência,Phrase match
Add,Enabled,Campaign,ESP - Dentista em Brusque e Família,cursos,Phrase match
Add,Enabled,Campaign,ESP - Dentista em Brusque e Família,apostila,Phrase match
Add,Enabled,Campaign,ESP - Dentista em Brusque e Família,pdf,Phrase match
Add,Enabled,Campaign,ESP - Dentista em Brusque e Família,youtube,Phrase match
Add,Enabled,Campaign,ESP - Dentista em Brusque e Família,wikipedia,Phrase match
Add,Enabled,Campaign,ESP - Dentista em Brusque e Família,significado,Phrase match
Add,Enabled,Campaign,ESP - Dentista em Brusque e Família,o que é,Phrase match
Add,Enabled,Campaign,ESP - Dentista em Brusque e Família,caseiro,Phrase match
Add,Enabled,Campaign,ESP - Dentista em Brusque e Família,em casa,Phrase match
Add,Enabled,Campaign,ESP - Dentista em Brusque e Família,receita,Phrase match
Add,Enabled,Campaign,ESP - Dentista em Brusque e Família,bicarbonato,Phrase match
Add,Enabled,Campaign,ESP - Dentista em Brusque e Família,plano odontológico,Phrase match
Add,Enabled,Campaign,ESP - Dentista em Brusque e Família,convênio barato,Phrase match
Add,Enabled,Campaign,ESP - Dentista em Brusque e Família,odontocompany,Phrase match
Add,Enabled,Campaign,ESP - Dentista em Brusque e Família,oral sin,Phrase match
Add,Enabled,Campaign,ESP - Dentista em Brusque e Família,sorridents,Phrase match
Add,Enabled,Campaign,ESP - Dentista em Brusque e Família,sorriso certo,Phrase match
Add,Enabled,Campaign,ESP - Dentista em Brusque e Família,uniodonto,Phrase match
Add,Enabled,Campaign,ESP - Dentista em Brusque e Família,amil dental,Phrase match
Add,Enabled,Campaign,ESP - Dentista em Brusque e Família,blumenau,Phrase match
Add,Enabled,Campaign,ESP - Dentista em Brusque e Família,itajaí,Phrase match
Add,Enabled,Campaign,ESP - Dentista em Brusque e Família,balneário,Phrase match
Add,Enabled,Campaign,ESP - Dentista em Brusque e Família,joinville,Phrase match
Add,Enabled,Campaign,ESP - Dentista em Brusque e Família,florianópolis,Phrase match
Add,Enabled,Campaign,ESP - Dentista em Brusque e Família,gaspar,Phrase match
Add,Enabled,Campaign,ESP - Dentista em Brusque e Família,indaial,Phrase match
Add,Enabled,Campaign,ESP - Dentista em Brusque e Família,timbó,Phrase match
Add,Enabled,Campaign,ESP - Dentista em Brusque e Família,veterinário,Phrase match
Add,Enabled,Campaign,ESP - Dentista em Brusque e Família,cachorro,Phrase match
Add,Enabled,Campaign,ESP - Dentista em Brusque e Família,gato,Phrase match
Add,Enabled,Campaign,ESP - Dentista em Brusque e Família,dentista 24 horas,Phrase match
