Row Type,Action,Asset action,Level,Campaign,Sitelink text,Final URL,Description,Description 2
Sitelink,Add,Create new,Campaign,ESP - Urgência,Encaixe de urgência,https://clinicaespecita.com/,Dente quebrado ou dor de dente,Atendimento no mesmo dia
Sitelink,Add,Create new,Campaign,ESP - Urgência,Implante dentário,https://clinicaespecita.com/,Avaliação com planejamento,Prótese fixa sobre implantes
Sitelink,Add,Create new,Campaign,ESP - Urgência,Ortodontia e alinhador,https://clinicaespecita.com/,Aparelho fixo ou invisível,Acompanhamento em Brusque
Sitelink,Add,Create new,Campaign,ESP - Urgência,Dentista para crianças,https://clinicaespecita.com/,Primeira visita de adaptação,Odontopediatria em Brusque
Sitelink,Add,Create new,Campaign,ESP - Urgência,Clareamento dental,https://clinicaespecita.com/,Personalizado pela Dra.,Moldeira feita para você
Sitelink,Add,Create new,Campaign,ESP - Urgência,Como chegar,https://clinicaespecita.com/,"Rua Sete de Setembro, 55",Em frente à ponte dos bombeiros
Sitelink,Add,Create new,Campaign,ESP - Implante e Prótese,Encaixe de urgência,https://clinicaespecita.com/,Dente quebrado ou dor de dente,Atendimento no mesmo dia
Sitelink,Add,Create new,Campaign,ESP - Implante e Prótese,Implante dentário,https://clinicaespecita.com/,Avaliação com planejamento,Prótese fixa sobre implantes
Sitelink,Add,Create new,Campaign,ESP - Implante e Prótese,Ortodontia e alinhador,https://clinicaespecita.com/,Aparelho fixo ou invisível,Acompanhamento em Brusque
Sitelink,Add,Create new,Campaign,ESP - Implante e Prótese,Dentista para crianças,https://clinicaespecita.com/,Primeira visita de adaptação,Odontopediatria em Brusque
Sitelink,Add,Create new,Campaign,ESP - Implante e Prótese,Clareamento dental,https://clinicaespecita.com/,Personalizado pela Dra.,Moldeira feita para você
Sitelink,Add,Create new,Campaign,ESP - Implante e Prótese,Como chegar,https://clinicaespecita.com/,"Rua Sete de Setembro, 55",Em frente à ponte dos bombeiros
Sitelink,Add,Create new,Campaign,ESP - Ortodontia,Encaixe de urgência,https://clinicaespecita.com/,Dente quebrado ou dor de dente,Atendimento no mesmo dia
Sitelink,Add,Create new,Campaign,ESP - Ortodontia,Implante dentário,https://clinicaespecita.com/,Avaliação com planejamento,Prótese fixa sobre implantes
Sitelink,Add,Create new,Campaign,ESP - Ortodontia,Ortodontia e alinhador,https://clinicaespecita.com/,Aparelho fixo ou invisível,Acompanhamento em Brusque
Sitelink,Add,Create new,Campaign,ESP - Ortodontia,Dentista para crianças,https://clinicaespecita.com/,Primeira visita de adaptação,Odontopediatria em Brusque
Sitelink,Add,Create new,Campaign,ESP - Ortodontia,Clareamento dental,https://clinicaespecita.com/,Personalizado pela Dra.,Moldeira feita para você
Sitelink,Add,Create new,Campaign,ESP - Ortodontia,Como chegar,https://clinicaespecita.com/,"Rua Sete de Setembro, 55",Em frente à ponte dos bombeiros
Sitelink,Add,Create new,Campaign,ESP - Odontopediatria,Encaixe de urgência,https://clinicaespecita.com/,Dente quebrado ou dor de dente,Atendimento no mesmo dia
Sitelink,Add,Create new,Campaign,ESP - Odontopediatria,Implante dentário,https://clinicaespecita.com/,Avaliação com planejamento,Prótese fixa sobre implantes
Sitelink,Add,Create new,Campaign,ESP - Odontopediatria,Ortodontia e alinhador,https://clinicaespecita.com/,Aparelho fixo ou invisível,Acompanhamento em Brusque
Sitelink,Add,Create new,Campaign,ESP - Odontopediatria,Dentista para crianças,https://clinicaespecita.com/,Primeira visita de adaptação,Odontopediatria em Brusque
Sitelink,Add,Create new,Campaign,ESP - Odontopediatria,Clareamento dental,https://clinicaespecita.com/,Personalizado pela Dra.,Moldeira feita para você
Sitelink,Add,Create new,Campaign,ESP - Odontopediatria,Como chegar,https://clinicaespecita.com/,"Rua Sete de Setembro, 55",Em frente à ponte dos bombeiros
Sitelink,Add,Create new,Campaign,ESP - Clareamento e Lentes,Encaixe de urgência,https://clinicaespecita.com/,Dente quebrado ou dor de dente,Atendimento no mesmo dia
Sitelink,Add,Create new,Campaign,ESP - Clareamento e Lentes,Implante dentário,https://clinicaespecita.com/,Avaliação com planejamento,Prótese fixa sobre implantes
Sitelink,Add,Create new,Campaign,ESP - Clareamento e Lentes,Ortodontia e alinhador,https://clinicaespecita.com/,Aparelho fixo ou invisível,Acompanhamento em Brusque
Sitelink,Add,Create new,Campaign,ESP - Clareamento e Lentes,Dentista para crianças,https://clinicaespecita.com/,Primeira visita de adaptação,Odontopediatria em Brusque
Sitelink,Add,Create new,Campaign,ESP - Clareamento e Lentes,Clareamento dental,https://clinicaespecita.com/,Personalizado pela Dra.,Moldeira feita para você
Sitelink,Add,Create new,Campaign,ESP - Clareamento e Lentes,Como chegar,https://clinicaespecita.com/,"Rua Sete de Setembro, 55",Em frente à ponte dos bombeiros
Sitelink,Add,Create new,Campaign,ESP - Harmonização Facial,Encaixe de urgência,https://clinicaespecita.com/,Dente quebrado ou dor de dente,Atendimento no mesmo dia
Sitelink,Add,Create new,Campaign,ESP - Harmonização Facial,Implante dentário,https://clinicaespecita.com/,Avaliação com planejamento,Prótese fixa sobre implantes
Sitelink,Add,Create new,Campaign,ESP - Harmonização Facial,Ortodontia e alinhador,https://clinicaespecita.com/,Aparelho fixo ou invisível,Acompanhamento em Brusque
Sitelink,Add,Create new,Campaign,ESP - Harmonização Facial,Dentista para crianças,https://clinicaespecita.com/,Primeira visita de adaptação,Odontopediatria em Brusque
Sitelink,Add,Create new,Campaign,ESP - Harmonização Facial,Clareamento dental,https://clinicaespecita.com/,Personalizado pela Dra.,Moldeira feita para você
Sitelink,Add,Create new,Campaign,ESP - Harmonização Facial,Como chegar,https://clinicaespecita.com/,"Rua Sete de Setembro, 55",Em frente à ponte dos bombeiros
Sitelink,Add,Create new,Campaign,ESP - Dentista em Brusque e Família,Encaixe de urgência,https://clinicaespecita.com/,Dente quebrado ou dor de dente,Atendimento no mesmo dia
Sitelink,Add,Create new,Campaign,ESP - Dentista em Brusque e Família,Implante dentário,https://clinicaespecita.com/,Avaliação com planejamento,Prótese fixa sobre implantes
Sitelink,Add,Create new,Campaign,ESP - Dentista em Brusque e Família,Ortodontia e alinhador,https://clinicaespecita.com/,Aparelho fixo ou invisível,Acompanhamento em Brusque
Sitelink,Add,Create new,Campaign,ESP - Dentista em Brusque e Família,Dentista para crianças,https://clinicaespecita.com/,Primeira visita de adaptação,Odontopediatria em Brusque
Sitelink,Add,Create new,Campaign,ESP - Dentista em Brusque e Família,Clareamento dental,https://clinicaespecita.com/,Personalizado pela Dra.,Moldeira feita para você
Sitelink,Add,Create new,Campaign,ESP - Dentista em Brusque e Família,Como chegar,https://clinicaespecita.com/,"Rua Sete de Setembro, 55",Em frente à ponte dos bombeiros
