Dia,Data,Canal,Formato,Pilar,Etapa,CEP ou dor,Hook,Promessa,Prova,CTA,UTM ou codigo,Dono,Prazo aprovacao,Status,Hipotese,Metrica primaria,Metrica guarda,Criterio de decisao,Observacoes
1,,,,Problema/Ensino,Descoberta,,,,,,,,,,rascunho,,,,,
2,,,,Prova,Consideracao,,,,,,,,,,rascunho,,,,,
3,,,,Proposta,Conversao,,,,,,,,,,rascunho,,,,,
4,,,,Comunidade,Retencao,,,,,,,,,,rascunho,,,,,
5,,,,Problema/Ensino,Descoberta,,,,,,,,,,rascunho,,,,,
6,,,,Prova,Consideracao,,,,,,,,,,rascunho,,,,,
7,,,,Comunidade,Consideracao,,,,,,,,,,rascunho,,,,,
8,,,,Problema/Ensino,Descoberta,,,,,,,,,,rascunho,,,,,
9,,,,Prova,Consideracao,,,,,,,,,,rascunho,,,,,
10,,,,Proposta,Conversao,,,,,,,,,,rascunho,,,,,
11,,,,Problema/Ensino,Descoberta,,,,,,,,,,rascunho,,,,,
12,,,,Comunidade,Consideracao,,,,,,,,,,rascunho,,,,,
13,,,,Prova,Conversao,,,,,,,,,,rascunho,,,,,
14,,,,Problema/Ensino,Descoberta,,,,,,,,,,rascunho,,,,,
15,,,,Prova,Consideracao,,,,,,,,,,rascunho,,,,,
16,,,,Proposta,Conversao,,,,,,,,,,rascunho,,,,,
17,,,,Comunidade,Retencao,,,,,,,,,,rascunho,,,,,
18,,,,Problema/Ensino,Descoberta,,,,,,,,,,rascunho,,,,,
19,,,,Prova,Consideracao,,,,,,,,,,rascunho,,,,,
20,,,,Problema/Ensino,Descoberta,,,,,,,,,,rascunho,,,,,
21,,,,Comunidade,Consideracao,,,,,,,,,,rascunho,,,,,
22,,,,Prova,Conversao,,,,,,,,,,rascunho,,,,,
23,,,,Problema/Ensino,Descoberta,,,,,,,,,,rascunho,,,,,
24,,,,Prova,Consideracao,,,,,,,,,,rascunho,,,,,
25,,,,Proposta,Conversao,,,,,,,,,,rascunho,,,,,
26,,,,Comunidade,Retencao,,,,,,,,,,rascunho,,,,,
27,,,,Problema/Ensino,Descoberta,,,,,,,,,,rascunho,,,,,
28,,,,Prova,Consideracao,,,,,,,,,,rascunho,,,,,
29,,,,Proposta,Conversao,,,,,,,,,,rascunho,,,,,
30,,,,Comunidade,Retencao,,,,,,,,,,rascunho,,,,,
