Semana,Inicio,Fim,Canal,Custo producao (R$),Midia (R$),Alcance,Impressoes ou views,Tempo medio assistido (s),Duracao (s),Conclusao (%),Salvamentos,Compartilhamentos,Visitas,CTR (%),Conversas qualificadas,Leads,Vendas,Receita (R$),Margem (R$),CAC social (R$),Fonte/status,Observacoes
1,,,,,,,,,,,,,,,,,,,,,MEDIDO,
1,,,,,,,,,,,,,,,,,,,,,MEDIDO,
1,,,,,,,,,,,,,,,,,,,,,MEDIDO,
1,,,,,,,,,,,,,,,,,,,,,MEDIDO,
1,,,,,,,,,,,,,,,,,,,,,MEDIDO,
1,TOTAL,,,,,,,,,,,,,,,,,,,,,MEDIDO,
2,,,,,,,,,,,,,,,,,,,,,MEDIDO,
2,,,,,,,,,,,,,,,,,,,,,MEDIDO,
2,,,,,,,,,,,,,,,,,,,,,MEDIDO,
2,,,,,,,,,,,,,,,,,,,,,MEDIDO,
2,,,,,,,,,,,,,,,,,,,,,MEDIDO,
2,TOTAL,,,,,,,,,,,,,,,,,,,,,MEDIDO,
,,,,,,,,,,,,,,,,,,,,,,,
FORMULAS,,,Retencao = tempo medio assistido / duracao * 100,,,,,,,,,,,,,,,,,,,
FORMULAS,,,Conclusao = views ate o fim / views iniciadas * 100,,,,,,,,,,,,,,,,,,,
FORMULAS,,,Share rate = compartilhamentos / alcance * 100; Save rate = salvamentos / alcance * 100,,,,,,,,,,,,,,,,,,,
FORMULAS,,,CTR = cliques / impressoes * 100 (adicione cliques se precisar),,,,,,,,,,,,,,,,,,,,
FORMULAS,,,Custo por conversa = (producao + midia + creator) / conversas qualificadas,,,,,,,,,,,,,,,,,,,
FORMULAS,,,CAC social = (producao + midia + creator + custo variavel) / clientes atribuidos,,,,,,,,,,,,,,,,,,,
REGRAS,,,Registre fonte e periodo; use MEDIDO, META ou HIPOTESE; nao compare definicoes diferentes,,,,,,,,,,,,,,,,,,,
