Data de entrada,Cliente,Contato,Empresa/segmento,Responsavel,Origem,Campanha/UTM,Problema resumido,Objetivo em numero,Decisor,Etapa,Opcao,Valor (R$),Estado do valor,Ultimo contato,Proxima acao,Data da proxima acao,Data da decisao,Objeção ou motivo de perda,Premissa crítica,Observacoes
,,,,,,,,,,Briefing,,,,,,,,,,,
,,,,,,,,,,Diagnóstico,,,,,,,,,,,
,,,,,,,,,,Proposta em elaboração,,,,,,,,,,,
,,,,,,,,,,Proposta apresentada,,,,,,,,,,,
,,,,,,,,,,Negociação,,,,,,,,,,,
,,,,,,,,,,Ganho,,,,,,,,,,,
,,,,,,,,,,Perdido,,,,,,,,,,,
,,,,,,,,,,Pausado,,,,,,,,,,,
,,,,,,,,,,,,,,,,,,,,,
LEGENDA: Etapa = Briefing > Diagnóstico > Proposta em elaboração > Proposta apresentada > Negociação > Ganho/Perdido/Pausado,,,,,,,,,,,,,,,,,,,,,
REGRA: toda oportunidade aberta precisa de Proxima acao e Data da proxima acao preenchidas,,,,,,,,,,,,,,,,,,,,,
REGRA: todo valor precisa de Estado do valor = medido / calculado / estimado / hipotese,,,,,,,,,,,,,,,,,,,,,
REGRA: todo perdido precisa de motivo fixo = preco-valor / prazo / capacidade / concorrente / sem prioridade / sem resposta / nao qualificado / outro,,,,,,,,,,,,,,,,,,,,,
REGRA: registrar decisor, proxima acao, data, opcao e premissa critica depois de cada interacao,,,,,,,,,,,,,,,,,,,,,
