Semana,Data inicio,Data fim,Canal,Campanha,Oferta,Investimento R$,Impressoes,Alcance,Frequencia,Cliques,Sessoes,CTR %,CPC R$,Leads,Leads qualificados,Custo qualificado R$,Agendamentos,Oportunidades,Comparecimentos,Vendas,Custo por venda R$,Ticket liquido R$,Receita liquida R$,Margem contribuicao %,Margem R$,CAC pago R$,CAC blended R$,LTV estimado R$,LTV CAC,Payback meses,UTM/evento validado,Status do dado,Observacoes,Acao proxima,Dono,Prazo,Criterio de decisao
1,,,Google Search,,,,,,,,,,,,,,,,,,,,,,,,,,,,,,[medido/hipotese],,,,
1,,,Meta Ads,,,,,,,,,,,,,,,,,,,,,,,,,,,,,,[medido/hipotese],,,,
1,,,TikTok/LinkedIn/PMax,,,,,,,,,,,,,,,,,,,,,,,,,,,,,,[medido/hipotese],,,,
1,,,TOTAL,,,,,,,,,,,,,,,,,,,,,,,,,,,,,,[medido/hipotese],,,,
2,,,Google Search,,,,,,,,,,,,,,,,,,,,,,,,,,,,,,[medido/hipotese],,,,
2,,,Meta Ads,,,,,,,,,,,,,,,,,,,,,,,,,,,,,,[medido/hipotese],,,,
2,,,TikTok/LinkedIn/PMax,,,,,,,,,,,,,,,,,,,,,,,,,,,,,,[medido/hipotese],,,,
2,,,TOTAL,,,,,,,,,,,,,,,,,,,,,,,,,,,,,,[medido/hipotese],,,,
,,,,,,,,,,,,,,,,,,,,,,,,,,,,,,,,,,,
FORMULAS,CTR = cliques / impressoes; CPC = investimento / cliques,,,,,,,,,,,,,,,,,,,,,,,,,,,,,,
FORMULAS,Custo qualificado = investimento / leads qualificados; custo por venda = investimento / vendas,,,,,,,,,,,,,,,,,,,,,,,,,,,,,,
FORMULAS,Receita liquida = vendas * ticket; margem = receita liquida * margem de contribuicao %,,,,,,,,,,,,,,,,,,,,,,,,,,,,,,
FORMULAS,CAC blended = (investimento + custos de aquisicao alocados) / novos clientes pagantes,,,,,,,,,,,,,,,,,,,,,,,,,,,,,,
FORMULAS,LTV/CAC = LTV estimado / CAC; payback = CAC / margem mensal do cliente,,,,,,,,,,,,,,,,,,,,,,,,,,,,,,
REGRAS,Não somar ROAS de plataformas; reconciliar com CRM e financeiro,,,,,,,,,,,,,,,,,,,,,,,,,,,,,,
REGRAS,Todo número deve ter status [medido], [meta], [hipotese] ou [benchmark: fonte/ano],,,,,,,,,,,,,,,,,,,,,,,,,,,,,,
REGRAS,Toda ação próxima tem dono, prazo e critério de decisão,,,,,,,,,,,,,,,,,,,,,,,,,,,,,,
