Data de entrada,Nome,Telefone,E-mail,Canal de origem,Campanha (UTM),Servico de interesse,Dor declarada,Ja e cliente?,Etapa,Valor potencial (R$),Responsavel,Ultimo contato,Proxima acao,Data da proxima acao,Tentativas,Motivo de perda,Observacoes
,,,,,,,,,Novo,,,,,,,,,
,,,,,,,,,Contatado,,,,,,,,,
,,,,,,,,,Qualificado,,,,,,,,,
,,,,,,,,,Agendado,,,,,,,,,
,,,,,,,,,Compareceu,,,,,,,,,
,,,,,,,,,Orcamento apresentado,,,,,,,,,
,,,,,,,,,Negociacao,,,,,,,,,
,,,,,,,,,Ganho,,,,,,,,,
,,,,,,,,,Perdido,,,,,,,,,
,,,,,,,,,Sem resposta (7+ dias),,,,,,,,,
,,,,,,,,,,,,,,,,,,
LEGENDA: Etapa = Novo > Contatado > Qualificado > Agendado > Compareceu > Orcamento > Negociacao > Ganho/Perdido,,,,,,,,,,,,,,,,,,
REGRA: todo lead precisa de Proxima acao e Data da proxima acao preenchidas,,,,,,,,,,,,,,,,,,
REGRA: todo lead perdido precisa de Motivo de perda (usar lista fixa: preco / prazo / distancia / concorrente / sem resposta / sem interesse / nao qualificado),,,,,,,,,,,,,,,,,,
REGRA: SLA de primeira resposta: menos de 1 hora em horario comercial,,,,,,,,,,,,,,,,,,