Semana,Data inicio,Data fim,Canal,Investimento (R$),Impressoes,Cliques,CTR (%),Leads,CPL (R$),Leads qualificados,Agendamentos,Comparecimentos,Vendas,Taxa lead->venda (%),Custo por venda (R$),Ticket medio (R$),Receita (R$),Margem contribuicao (%),Margem (R$),Observacoes
1,,,Google Search,,,,,,,,,,,,,,,,,
1,,,Meta Ads,,,,,,,,,,,,,,,,,
1,,,Indicacao,,,,,,,,,,,,,,,,,
1,,,Organico/Instagram,,,,,,,,,,,,,,,,,
1,,,TOTAL,,,,,,,,,,,,,,,,,
2,,,Google Search,,,,,,,,,,,,,,,,,
2,,,Meta Ads,,,,,,,,,,,,,,,,,
2,,,Indicacao,,,,,,,,,,,,,,,,,
2,,,Organico/Instagram,,,,,,,,,,,,,,,,,
2,,,TOTAL,,,,,,,,,,,,,,,,,
,,,,,,,,,,,,,,,,,,,
FORMULAS,CTR = cliques / impressoes,,,,,,,,,,,,,,,,,,
FORMULAS,CPL = investimento / leads,,,,,,,,,,,,,,,,,,
FORMULAS,Taxa lead->venda = vendas / leads,,,,,,,,,,,,,,,,,,
FORMULAS,Custo por venda = investimento / vendas,,,,,,,,,,,,,,,,,,
FORMULAS,Margem = receita * margem de contribuicao %,Executar formulas por linha e por canal,,,,,,,,,,,,,,,,,
FORMULAS,CAC blended = (soma investimento + custo comercial) / total de vendas,,,,,,,,,,,,,,,,,,
FORMULAS,LTV/CAC = LTV / CAC blended,,,,,,,,,,,,,,,,,,
FORMULAS,Payback (meses) = CAC / (ticket * margem * frequencia anual / 12),,,,,,,,,,,,,,,,,,