periodo,anuncio,status_veiculacao,diagnostico,objetivo_resultado,orcamento_ou_fonte,valor_gasto,impressoes,alcance,observacao
03/09/2026 a 02/10/2026,Publicação do Instagram: Aparelho dental...,Não está em veiculação,3 erros,Conversa por mensagem iniciada,Usando orçamento da campanha,R$ 0,00,—,—,Linha visível
03/09/2026 a 02/10/2026,Publicação do Instagram: Eu percebo que as...,Não está em veiculação,2 erros,Conversa por mensagem iniciada,Usando orçamento da campanha,R$ 0,00,—,—,Linha visível
03/09/2026 a 02/10/2026,Publicação do Instagram: O resultado do...,Não está em veiculação,Rejeitado,Conversa por mensagem iniciada,Usando orçamento da campanha,R$ 0,00,—,—,Linha visível
03/09/2026 a 02/10/2026,Publicação do Instagram: Quando as marcas de...,Não está em veiculação,Rejeitado,Visita ao perfil do Instagram,Usando orçamento da campanha,R$ 0,00,—,—,Linha visível
03/09/2026 a 02/10/2026,Publicação do Instagram: Dra Catiucia Lanzzarin...,Não está em veiculação,Rejeitado,Clique no link,Usando orçamento da campanha,R$ 0,00,—,—,Linha visível
03/09/2026 a 02/10/2026,Publicação do Instagram: Mais um sorriso novo na...,Não está em veiculação,Rejeitado,Clique no link,Usando orçamento da campanha,R$ 0,00,—,—,Linha visível
03/09/2026 a 02/10/2026,Publicação: Implante Dental: uma maneira rápida e definitiva...,Não está em veiculação,Rejeitado,Visualização de 10 segundos do vídeo,R$ 30,00 total,R$ 0,00,—,—,Linha visível
03/09/2026 a 02/10/2026,Publicação: Implante Dental: uma maneira rápida e definitiva...,Não está em veiculação,Rejeitado,Conversa por mensagem iniciada,R$ 10,00 total,R$ 0,00,—,—,Linha visível
03/09/2026 a 02/10/2026,Publicação do Instagram: Harmonia, delicadeza,...,Não está em veiculação,Rejeitado,Engajamento com o post,Usando orçamento da campanha,R$ 0,00,—,—,Linha visível
