palavra_chave,tipo_correspondencia,campanha,grupo,status,impressoes,ctr,custo,indice_qualidade,cliques,taxa_conversao,conversoes,cpc_medio,custo_por_conversao,periodo
"dentista brusque",frase,[pesquisa 28/07],G01 - GERAL,Não qualificada (pausada),2151,6,60%,R$ 927,17,3/10,142,2,11%,3,00,R$ 6,53,R$ 309,06,28/02/2024 a 03/10/2026
"implantes dentarios",frase,[pesquisa] 18/08 dentista,Grupo de anúncios 1,Qualificada,16,37,50%,R$ 21,01,—,6,33,33%,2,00,R$ 3,50,R$ 10,50,28/02/2024 a 03/10/2026
dentista 24 horas brusque,ampla,[pesquisa 28/07],G01 - GERAL,Não qualificada (pausada),355,2,54%,R$ 50,12,—,9,11,11%,1,00,R$ 5,57,R$ 50,12,28/02/2024 a 03/10/2026
dentista em brusque,ampla,[pesquisa 28/07],G01 - GERAL,Não qualificada (pausada),251,7,17%,R$ 70,57,3/10,18,0,00%,0,00,R$ 3,92,R$ 0,00,28/02/2024 a 03/10/2026
dentista brusque sc,ampla,[pesquisa 28/07],G01 - GERAL,Não qualificada (baixo índice de qualidade; pausada),126,3,17%,R$ 14,06,1/10,4,0,00%,0,00,R$ 3,52,R$ 0,00,28/02/2024 a 03/10/2026
"dentista",frase,[pesquisa] 18/08 dentista,Grupo de anúncios 1,Qualificada,31,3,23%,R$ 7,46,—,1,0,00%,0,00,R$ 7,46,R$ 0,00,28/02/2024 a 03/10/2026
"dentista infantil",frase,[pesquisa] 18/08 dentista,Grupo de anúncios 1,Qualificada,0,—,R$ 0,00,—,0,0,00%,0,00,—,R$ 0,00,28/02/2024 a 03/10/2026
"odontopediatria",frase,[pesquisa] 18/08 dentista,Grupo de anúncios 1,Qualificada,0,—,R$ 0,00,—,0,0,00%,0,00,—,R$ 0,00,28/02/2024 a 03/10/2026
"clinica odontológica",frase,[pesquisa] 18/08 dentista,Grupo de anúncios 1,Qualificada,10,0,00%,R$ 0,00,—,0,0,00%,0,00,—,R$ 0,00,28/02/2024 a 03/10/2026
"dor no dente",frase,[pesquisa] 18/08 dentista,Grupo de anúncios 1,Qualificada,0,—,R$ 0,00,—,0,0,00%,0,00,—,R$ 0,00,28/02/2024 a 03/10/2026
"dentista perto de mim",frase,[pesquisa] 18/08 dentista,Grupo de anúncios 1,Qualificada,0,—,R$ 0,00,—,0,0,00%,0,00,—,R$ 0,00,28/02/2024 a 03/10/2026
"dentista em brusque",frase,[pesquisa] 18/08 dentista,Grupo de anúncios 1,Qualificada,16,6,25%,R$ 0,16,—,1,0,00%,0,00,R$ 0,16,R$ 0,00,28/02/2024 a 03/10/2026
